,word,count,word_len
21729,readrecommended,1,15
28453,nonoverwhelming,1,15
21694,eventsspillsdog,1,15
29846,storiesstraight,1,15
34675,yourselfplastic,1,15
39564,entertainmentat,1,15
24160,footballwhether,1,15
29863,britishnigerian,1,15
31873,winoccasionally,1,15
36251,equivalentsized,1,15
16853,nonprofessional,2,15
24227,overconsumption,1,15
24225,selfreferential,1,15
40685,anallyretentive,1,15
28456,homemaintenance,1,15
29864,heartbreakingly,1,15
13155,personalization,3,15
28463,professionalism,1,15
31992,bargainbasement,1,15
13214,inappropriately,3,15
25628,glassseverybody,1,15
25725,spencerflemings,1,15
28184,straighttovideo,1,15
34191,similarlypriced,1,15
30088,middlebeginning,1,15
24346,invisibleshield,1,15
28169,understandquick,1,15
16962,dissatisfaction,2,15
39434,surfacelaminate,1,15
36840,appropriateness,1,15
17510,technologically,2,15
39422,civilizationcan,1,15
21862,mexicocaribbean,1,15
37998,showgirlartists,1,15
36280,instructionsbut,1,15
39511,unprepossessing,1,15
25777,yearbeforelasts,1,15
31811,selfopinionated,1,15
10697,earthshattering,4,15
30567,jackofalltrades,1,15
39349,cheapcheapcheap,1,15
30623,aluminumcutting,1,15
17529,cinematographer,2,15
39373,othersobviously,1,15
30065,tableorganizier,1,15
37888,lbssurprisingly,1,15
36993,gamachebeauvoir,1,15
29770,entertainingyou,1,15
24362,acknowledgement,1,15
28079,comfortablecozy,1,15
12915,incompatibility,3,15
39679,selfrealizatios,1,15
21509,infrastructurei,1,15
21443,aimingeffective,1,15
21508,anthonyscustoms,1,15
24345,comfortablenice,1,15
8366,collectiongreat,7,15
16553,headphonesgreat,2,15
21989,compellingdidnt,1,15
24442,sheathcoversaya,1,15
33160,frustrationfree,1,15
16643,actionadventure,2,15
39693,bloodsplattered,1,15
14484,distinguishable,3,15
36806,poorlyconceived,1,15
28597,clipperanbsphas,1,15
17890,internationally,2,15
39323,troubleshooting,1,15
10318,recommendedthis,5,15
25863,staplerobsessed,1,15
39702,comfortablevery,1,15
25852,charactersgreat,1,15
27525,recommendedwill,1,15
37861,perfectionseiko,1,15
24431,entertainingthe,1,15
24432,differencegreat,1,15
29349,planninghowever,1,15
32977,replacementvery,1,15
22144,noisierclunkier,1,15
37803,elasticflexible,1,15
38009,innermonologues,1,15
30699,quickturnaround,1,15
18124,nonintimidating,2,15
25936,semitransparent,1,15
25571,livingasseniors,1,15
23778,mysterythriller,1,15
34507,clientbydefault,1,15
24568,confidentiality,1,15
16496,batteryoperated,2,15
38132,servicewarranty,1,15
30795,readinteresting,1,15
34622,motiontriggered,1,15
29412,collectorbought,1,15
24593,withinyourhouse,1,15
36065,characterjulien,1,15
27602,englishjapanese,1,15
28698,informativethis,1,15
32173,writerdirectors,1,15
23604,unrealistically,1,15
15567,wellintentioned,2,15
33180,disappointedits,1,15
37010,charactershadnt,1,15
36134,productsknowing,1,15
22130,littledifferent,1,15
27754,instantaneously,1,15
22137,italianproduced,1,15
37109,unknowledgeable,1,15
34054,authorpublisher,1,15
18147,behindthescenes,2,15
14674,environmentally,3,15
34218,comfortabledont,1,15
31734,noisecancelling,1,15
12641,gartersupporter,3,15
15294,selfimprovement,2,15
25555,differencewhile,1,15
18104,interactivevery,2,15
37089,bricksandmortar,1,15
12739,wellconstructed,3,15
23588,shifterswhoaaaa,1,15
30741,viewingvacation,1,15
15205,photojournalist,2,15
39276,cleaningvinegar,1,15
35378,coversationsand,1,15
27654,moldmildewfunky,1,15
23641,customerservice,1,15
14273,selfdeprecating,3,15
22190,treatmentbetter,1,15
39751,femalesdominant,1,15
7560,postapocalyptic,8,15
27888,openuponmydeath,1,15
21992,historydropping,1,15
27909,deadbrightstuck,1,15
38000,schnauzerpoodle,1,15
28242,rationalization,1,15
24067,installmentthis,1,15
31830,condescendingly,1,15
33574,speakerphoneish,1,15
25879,mozzarellaafter,1,15
34023,workplaceoffice,1,15
27725,selfdestructing,1,15
27727,adultsgreatthis,1,15
35423,mismanufactured,1,15
29413,owningoperating,1,15
23568,individualsteve,1,15
38234,yellowishorange,1,15
10101,extraordinarily,5,15
34841,iridescentblack,1,15
35456,scratchesshakes,1,15
39139,postapocolyptic,1,15
28668,nickelanddiming,1,15
18453,multifunctional,2,15
22203,slightlyintense,1,15
39196,worksinprogress,1,15
25463,hackmansarandon,1,15
30750,damascuspattern,1,15
24529,unforgivableand,1,15
21271,cookingprepping,1,15
30040,qualityergomics,1,15
24328,stephensmorland,1,15
25597,productprobably,1,15
22942,underhandedness,1,15
40508,desktableoffice,1,15
2216,sslimagesamazon,60,15
20929,selfdeprecation,1,15
38524,rubberyvinylpvc,1,15
41566,seriesfantastic,1,15
32594,thirteenyearold,1,15
22351,swordandsorcery,1,15
3551,straightforward,27,15
38964,collapsiblealso,1,15
25096,landterrestrial,1,15
32690,interestingthis,1,15
14755,selfdestructive,2,15
40285,chilicurrysauce,1,15
18842,chronologically,2,15
39036,timepiecezipper,1,15
37725,selfdestruction,1,15
23482,shortholdhandle,1,15
37255,ophthalmologist,1,15
18857,sympathetically,2,15
26697,unbreakablealso,1,15
12263,unintentionally,3,15
38724,watchanbspcomes,1,15
41687,stereotypically,1,15
38638,crystallization,1,15
31117,bittenscratched,1,15
41082,selfmutilations,1,15
30993,organizereditor,1,15
28755,wordgamingphone,1,15
30908,meatandpotatoes,1,15
20810,selfexplanatory,1,15
32607,entertainingbut,1,15
29505,correctlybought,1,15
22317,italianspeaking,1,15
26673,comfortablelove,1,15
32352,advertisedworks,1,15
40966,fightingdefense,1,15
37264,latesttothegame,1,15
29444,horizontallyall,1,15
37723,helpfulhorrible,1,15
20350,sandwichesthese,1,15
34398,displaygraphics,1,15
29497,granddaughtermy,1,15
27214,fundamentalists,1,15
24759,interestingvery,1,15
22642,predictablethis,1,15
38926,rifleanbsppiece,1,15
33373,dialectsaccents,1,15
35550,acontecimientos,1,15
15128,interchangeably,2,15
23359,tongueburningly,1,15
16065,fourteenyearold,2,15
37273,personification,1,15
26299,comimagesijxwpw,1,15
34763,voicecontrolled,1,15
22388,indianpakistani,1,15
22764,removedreplaced,1,15
17776,earlynineteenth,2,15
15136,differentiation,2,15
38884,readbytheauthor,1,15
25157,strengthyounger,1,15
10028,comimagesijxwps,5,15
23451,expressionistic,1,15
20304,clippersanbspto,1,15
11601,comimagesijxwfw,4,15
32621,beingscreatures,1,15
25102,electromagnetic,1,15
22358,unbelievability,1,15
30936,hollywoodbilila,1,15
34787,largesmallmouth,1,15
25138,phonecontrolled,1,15
22419,disappointedive,1,15
41652,sciencyfictiony,1,15
28825,uncategorizable,1,15
24791,workappropriate,1,15
22721,productsolution,1,15
24803,selfconsciously,1,15
31528,synchronization,1,15
30290,waterresistance,1,15
19908,experimentation,2,15
28940,tiredespecially,1,15
18981,unconditionally,2,15
36563,buildityourself,1,15
31075,learningperfect,1,15
35696,bestbullysticks,1,15
28956,asbestosinduced,1,15
38404,movieparanormal,1,15
25066,repetitivechloe,1,15
35975,itemeffectively,1,15
32240,dextrousskilled,1,15
26420,humanitarianism,1,15
39921,quickdisconnect,1,15
31517,poppingcracking,1,15
28974,storylinesholes,1,15
34802,entretenimiento,1,15
23185,toddlerfriendly,1,15
20020,attachmentnbspa,1,15
35620,alreadyassemble,1,15
20786,functionalthese,1,15
38831,mufflerentrance,1,15
20186,selfrealization,1,15
41550,characterstheir,1,15
37397,italianamerican,1,15
28941,belowthesurface,1,15
15367,wheelchairbound,2,15
17789,takenoprisoners,2,15
35236,caloriecounting,1,15
5507,africanamerican,13,15
27530,enjoyablestayed,1,15
25671,heavyhandedness,1,15
35680,stupendousuntil,1,15
38379,conflictromance,1,15
35974,aproximadamente,1,15
39879,sadomasochistic,1,15
32486,morefrightening,1,15
40449,whiteanbspwhich,1,15
24916,granddaughtersi,1,15
38619,messdissipation,1,15
26389,granddaughterwe,1,15
37617,standardization,1,15
20185,binocularssmall,1,15
15921,highperformance,2,15
32233,sinatrafication,1,15
31158,batterydraining,1,15
22905,thickerstronger,1,15
20016,navigatorescape,1,15
31195,afroengineering,1,15
3783,mysterysuspense,25,15
38676,boltsshockswild,1,15
38708,ultraimpressive,1,15
4245,interchangeable,21,15
36494,povertystricken,1,15
34880,trickortreating,1,15
31896,successfulwould,1,15
31276,hoochiechoochie,1,15
35943,enforcementibid,1,15
32269,dumbcluckworthy,1,15
33874,distinctiveness,1,15
22459,roomtemperature,1,15
22555,funtainersthese,1,15
37457,credibleoverall,1,15
25206,oftenoverlooked,1,15
34831,classicsanbspby,1,15
22574,mindcontrolling,1,15
36620,translucenceits,1,15
33913,chineselanguage,1,15
24882,wellrepresented,1,15
35639,announcementsmy,1,15
40178,comimagesibhqqy,1,15
41216,humanscomputers,1,15
26450,conveniencesall,1,15
1893,aspacingtopmini,75,15
38839,storiesnovellas,1,15
32457,actorsactresses,1,15
31258,demanufacturing,1,15
22867,hubbahubbahubba,1,15
22918,observantbright,1,15
38700,precisionnormal,1,15
36464,usersmynametemp,1,15
36472,machinefinished,1,15
38690,faucetotherwise,1,15
24159,forunderstanding,1,16
19548,comimagesibopsws,2,16
28283,recommendlooking,1,16
39586,astrophotography,1,16
13256,extraterrestrial,3,16
5722,thoughtprovoking,13,16
28164,agounfortunately,1,16
24182,breathtakeoscope,1,16
24394,alfred_carpenter,1,16
37069,reasonablepeople,1,16
23728,computernotebook,1,16
30718,dollarsincluding,1,16
30715,expenseincluding,1,16
27834,poetgwennewclear,1,16
32840,marijuanaalcohol,1,16
30601,amazontimberland,1,16
39271,yellowishgreyish,1,16
14422,autobiographical,3,16
24526,thisismysymphony,1,16
35117,uncomfortableand,1,16
33281,noquestionsasked,1,16
17486,threedimensional,2,16
35366,chemistryswooney,1,16
16556,comimagesibopsui,2,16
27307,storyadventurous,1,16
27362,inexpensivenbspa,1,16
39795,hilariousgrisham,1,16
30906,greatgrandmother,1,16
39789,fatherofthebride,1,16
16290,hauptstadtkoffer,2,16
24733,reasonablypriced,1,16
16438,somethingsomeone,2,16
16456,disproportionate,2,16
14679,enthusiastically,3,16
24018,notquitematching,1,16
40754,wordsexpressions,1,16
41929,greatconsidering,1,16
30535,artistsdirectors,1,16
24303,dustfingerprints,1,16
28222,stretchesadjusts,1,16
24282,easytounderstand,1,16
39477,exhilaratinglove,1,16
23869,incomprehensible,1,16
31088,enthusiastbought,1,16
17894,africanamericans,2,16
31192,neanderthalithic,1,16
34369,stylequalitysize,1,16
38660,shreddingtearing,1,16
40216,directorproducer,1,16
20117,purseseverything,1,16
26794,inspirationaland,1,16
33801,superinteresting,1,16
34366,almostgirlfriend,1,16
25094,shenaneginsgreat,1,16
26679,cleaneranbspwith,1,16
26661,mysterydetective,1,16
31325,quasidocumentary,1,16
22912,characterspretty,1,16
38806,checkingchanging,1,16
32494,brandexpresssaks,1,16
35651,priceperformance,1,16
32485,languagespecific,1,16
35652,spaceconstrained,1,16
38924,asylumgestapoand,1,16
35758,expansionsreplay,1,16
35263,performancegreat,1,16
40458,entertainmentthe,1,16
27118,beautifullydrawn,1,16
16644,counterclockwise,2,16
37032,incandescentlike,1,16
8737,comimagesiaopsgs,6,16
36786,shortsswimshorts,1,16
37361,connectionseemed,1,16
23555,pseudointerviews,1,16
24893,headphoneglasses,1,16
41707,livelyfastmoving,1,16
24944,welovekinkdotcom,1,16
38760,designedforapple,1,16
24988,titledescription,1,16
27006,spektrumfatshark,1,16
26998,arborretractable,1,16
26994,microadjustments,1,16
29983,videomusicmovies,1,16
30270,lewisperformance,1,16
41074,survivedfinished,1,16
29542,servicedelivered,1,16
6307,misunderstanding,11,16
28773,emergenciesgreat,1,16
19282,gastrointestinal,2,16
36677,jenasbookreviews,1,16
37322,meanspiritedness,1,16
20376,professionalthen,1,16
38221,matesexybreasted,1,16
33721,packanbspornbspa,1,16
36201,blocksanbspright,1,16
22538,workrelationship,1,16
26124,anthropomorphize,1,16
31799,downgradeupgrade,1,16
21184,blutoothwireless,1,16
30009,adrenalinepacked,1,16
15663,sensationalistic,2,16
41202,teammoniandomega,1,16
21428,incontrovertible,1,16
38408,leevalleyveritas,1,16
22129,individuallythey,1,16
26071,selfsatisfaction,1,16
29346,puppetsreligious,1,16
37786,educatedinformed,1,16
4367,characterization,20,16
11450,drillscrewdriver,4,16
31876,storagetransport,1,16
34623,occasionalcasual,1,16
29231,itselfseamlessly,1,16
33669,purselunchlaptop,1,16
40999,transcontinental,1,16
38268,headphonespeaker,1,16
26205,involvedmarshall,1,16
25401,phillipsflathead,1,16
21806,outsidetooutside,1,16
38480,escapeandcapture,1,16
25741,foodprescription,1,16
25743,mentallydisabled,1,16
35892,underappreciated,1,16
15745,miscommunication,2,16
34328,afterwardkeeping,1,16
20778,selfpreservation,1,16
968,classalinknormal,187,16
40115,inexpensivecheap,1,16
31489,multidimensional,1,16
28960,fashiondesigners,1,16
32185,mindfulnessbased,1,16
22271,programmerhacker,1,16
21731,madeinchinaesque,1,16
9974,disappointingthe,5,16
34604,plugstransformer,1,16
32072,counterintuitive,1,16
21852,stationreception,1,16
24585,headacheinducing,1,16
18497,characterisation,2,16
23623,sendingreceiving,1,16
40903,schnauzerwheaten,1,16
34012,causeeffectcause,1,16
23627,militaryspecific,1,16
18440,unapologetically,2,16
27702,funnyrecommended,1,16
18501,emergenciesthese,2,16
35370,historygreatthis,1,16
9007,disappointedthis,6,16
30304,buzzingcrackling,1,16
39002,entertainingsuch,1,16
24707,paraarcheologist,1,16
27161,configurationbut,1,16
29970,flowerleafbranch,1,16
22605,downunbelievably,1,16
38874,antiinflammatory,1,16
30774,replacementgreat,1,16
34935,extradimensional,1,16
32700,motorheadphonres,1,16
18622,happilyeverafter,2,16
33657,readyforanything,1,16
36728,cloudyrainysnowy,1,16
36232,multimillionaire,1,16
38281,talesinteresting,1,16
25176,recentlypurchase,1,16
40129,silvergoldbronze,1,16
35904,twentysomethings,1,16
25758,incrediblysheddy,1,16
22210,tabletshopefully,1,16
21826,memoiranalytical,1,16
38375,lightheartedness,1,16
41454,overlysubjective,1,16
31548,paralleluniverse,1,16
29514,energizerduracel,1,16
29047,anyoneespecially,1,16
38381,recentlydeceased,1,16
39992,wobblyunbalanced,1,16
38476,industrystandard,1,16
25266,creaturewerewolf,1,16
36094,comfortablethese,1,16
27510,backupreplacement,1,17
24752,lessthanimpressed,1,17
20686,offwhiteyellowish,1,17
34548,virusendstheworld,1,17
38298,parentgrandparent,1,17
27406,comimagesifwqtbxq,1,17
27320,secureconsidering,1,17
38971,originalgreatthis,1,17
40965,questioncomplaint,1,17
30898,unbrokenuncrushed,1,17
25408,togetherotherwise,1,17
37368,readingcharacters,1,17
12046,attentiongrabbing,4,17
21113,comimagesicmskoms,1,17
35864,artisthoweverhere,1,17
29017,dripperprewetting,1,17
23594,fascinatingreally,1,17
27029,supportprotection,1,17
23581,insertingremoving,1,17
24616,characterssetting,1,17
27565,antislideantiskid,1,17
21068,nipplereminiscent,1,17
32704,militiaextremists,1,17
40929,calibrationmotors,1,17
18798,misrepresentation,2,17
21006,disrespectfulness,1,17
34504,gameanbspandnbspa,1,17
34606,supposedlyupdated,1,17
25978,headbandsweatband,1,17
20003,seamlessbrilliant,1,17
27053,hardwoodtilestone,1,17
30744,testrecalibration,1,17
37237,testingevaluation,1,17
24815,turkeythegoldfish,1,17
35589,furtheremboldened,1,17
19980,voltagecontrolled,2,17
37430,thanksgivingblack,1,17
29115,mobiletabletsmall,1,17
26460,politicalmilitary,1,17
33852,warmthickbloodsex,1,17
31624,charrierpapillona,1,17
26977,trademarkscliches,1,17
32543,numlockscrolllock,1,17
41041,secondhandtelling,1,17
22148,marriagebasically,1,17
33218,showunfortunately,1,17
40439,resizingreloading,1,17
40307,imitationknockoff,1,17
26966,filmmakerpresents,1,17
34036,lessthanhalfayear,1,17
25371,phonelaptoptablet,1,17
38394,unstabledefective,1,17
27476,perfectespecially,1,17
37218,pickingattracting,1,17
36462,institutionalized,1,17
35363,comimagesiaqfuqvs,1,17
36569,confidencebooster,1,17
27632,yaaaaaaaaaayyyyyy,1,17
24561,unpaintedunglazed,1,17
30762,creedanbspornbspa,1,17
32579,naturaleverything,1,17
29130,schoolspreschools,1,17
21217,averagefemalesize,1,17
26318,reliableeasytouse,1,17
33468,welldevelopedthis,1,17
24305,intenseintriguing,1,17
29831,nothatgoodlooking,1,17
20189,conceptualization,1,17
20817,psychocybernetics,1,17
39726,professionalgrade,1,17
40329,headofficeimposed,1,17
29383,sellerdescription,1,17
26385,brasuuuuuuuuuuper,1,17
41106,playingexercising,1,17
40120,christmasbirthday,1,17
23809,charmingbeguiling,1,17
32495,paranormalshifter,1,17
36785,photographerwhich,1,17
23866,amazingeverything,1,17
31739,styleschristopher,1,17
41732,playsetanbspwhich,1,17
27964,rimfirecentralcom,1,17
30940,sealingfiltration,1,17
8539,comimagesiaoepsws,6,17
39713,pimplesblackheads,1,17
37037,comimagesiejwpsrb,1,17
35218,dogfoodadvisorcom,1,17
32382,misinterpretation,1,17
30630,understandability,1,17
35240,warmthtreadhiking,1,17
40799,selfconsciousness,1,17
25582,inconspiciousness,1,17
30281,packageeverything,1,17
13711,microdermabrasion,3,17
35228,instructionscover,1,17
36200,fantasyparanormal,1,17
25073,issueslimitations,1,17
34491,lettersstatements,1,17
24003,grillanbspinstead,1,17
28587,awesomecharacters,1,17
36984,nondiscriminatory,1,17
39417,certifiedanbspand,1,17
21807,detergentsolution,1,17
20426,rottweilermastiff,1,17
31285,sourcesconstructs,1,17
14373,comimagesiboepswi,3,17
39448,bodyarmsshoulders,1,17
24086,plasticscertified,1,17
26583,relationshipafter,1,17
21548,passiveaggressive,1,17
35890,screwdriverremote,1,17
16132,computergenerated,2,17
24187,windowcompartment,1,17
36238,unclearmisleading,1,17
39650,startingdifficult,1,17
32978,selfdetermination,1,17
29570,audiobookreviewer,1,17
27135,comimagesibkvpnus,1,17
27820,miscommunications,1,17
27147,comimagesifuxvsvq,1,17
40513,manufacturingdate,1,17
40084,smilewickedlyover,1,17
35109,wigglingadjusting,1,17
40198,tobaccoinfluenced,1,17
37525,shepherdretriever,1,17
15077,interrelationship,2,17
31878,expensivesounding,1,17
26660,batterieschargers,1,17
40072,sweatersweatshirt,1,17
21712,attachmentfocused,1,17
25679,saladsfromscratch,1,17
17007,indistinguishable,2,17
30931,dancerturnedmother,1,18
34916,encouraginghelping,1,18
27480,anglofrancocentric,1,18
26507,nodshomagesripoffs,1,18
21348,generationanbspand,1,18
26067,idvideoblockrsvwpk,1,18
30949,characteristically,1,18
40791,nightowlreviewscom,1,18
27332,actionandadventure,1,18
38082,awealthofknowledge,1,18
29100,camelcamelcamelcom,1,18
27771,franklyabyssmaland,1,18
33940,mannerparticularly,1,18
38888,comimagesijcvsccxs,1,18
41350,carmotorcycletruck,1,18
35364,strapscompartments,1,18
26948,comimagesiejwmpsrb,1,18
28206,allknowingparanoid,1,18
21445,hardwarecanuckscom,1,18
19619,shampooconditioner,2,18
39695,hippressurecooking,1,18
39100,horrorsupernatural,1,18
41151,scarvesthrowswraps,1,18
38557,entertainmentgreat,1,18
40762,waswellpredictable,1,18
20383,growthcounterspell,1,18
30349,suspenserlaughable,1,18
16160,greatgranddaughter,2,18
20598,beltjacketwhatever,1,18
39481,nontacticallooking,1,18
20535,starwriterproducer,1,18
39526,fatherdaughterlike,1,18
28486,pocketscompartment,1,18
20550,invisibletypefence,1,18
35271,processingshipping,1,18
35153,travelingadventure,1,18
1942,videoblockdivinput,72,18
34750,chaptersespecially,1,18
28778,solutionthankfully,1,18
36992,cinderellaisabella,1,18
29319,chromeanbspaerator,1,18
25416,penscrayonspencils,1,18
33367,disguisessurprises,1,18
23815,comwatchvfwlswrfdc,1,18
37918,idvideoblockravfnw,1,18
36271,predictableformula,1,18
24507,holidayappropriate,1,18
23757,dominantsubmissive,1,18
24194,industrialstrength,1,18
23364,clothingshoponline,1,18
23310,grandchildrengreat,1,18
36446,settingsflashlight,1,18
24203,strengthespecially,1,18
16397,greatgrandchildren,2,18
23346,collarsaccessories,1,18
33158,catholicprotestant,1,18
24535,operationalization,1,18
32317,flatterthanaverage,1,18
25226,calvesdisappointed,1,18
34965,electronicsdimming,1,18
38716,serioushardworking,1,18
38351,antiinflammatories,1,18
24188,smallesttighteneat,1,18
32537,maternallyinclined,1,18
36931,whiteanbspandnbspa,1,18
36556,dividersanbspboxes,1,18
30861,sharpuncomfortable,1,18
22865,actingperformances,1,18
2105,classvideourlinput,65,18
25074,beautifullywritten,1,18
37193,siblingspolygamous,1,18
25162,largestoutsidepole,1,18
32988,lipsynchronization,1,18
34537,apprenticeaccounts,1,18
32271,stretchesexercises,1,18
21848,wonderfulandamazing,1,19
39176,motherfatherbrother,1,19
23664,salescampaginonjune,1,19
28650,rabbitmousefieldrat,1,19
36337,discountpromotional,1,19
40738,betterunfortunately,1,19
21558,idvideoblockraurblu,1,19
30531,comimagesiyiyoqfhos,1,19
21410,engineerphilosopher,1,19
21430,transmitteranbspand,1,19
25585,wideopenandunzipped,1,19
21892,electronicsanbspand,1,19
21921,anticipatingoverall,1,19
40765,controlsneutralizes,1,19
39420,landscapesbuildings,1,19
30511,greatgranddaughters,1,19
27902,mrsconditreadsbooks,1,19
34960,morningeveningnight,1,19
25882,mountingcompression,1,19
41858,leaveabooktakeabook,1,19
32103,assembledisassemble,1,19
30389,comimagesiffnaopcps,1,19
20574,iteventuallyhowever,1,19
24504,superheroesheroines,1,19
27415,remarkableinspiring,1,19
37665,waterbrookmultnomah,1,19
29487,plunkingbackpacking,1,19
28707,cardiofacioutaneous,1,19
41520,specialistlibrarian,1,19
41124,hungriesessentially,1,19
22629,navigatingmediating,1,19
32450,oillubricantplastic,1,19
22200,kickingandrodgenous,1,19
30037,sportochicksmusings,1,19
34235,televisioncomputers,1,19
33702,gabmdshaanbsppaired,1,19
23411,nonplayercharacters,1,19
25426,waterproofresistant,1,19
30990,parentsgrandparents,1,19
38701,idvideoblockrbrrikf,1,19
33826,collarshaltersleads,1,19
36072,somethingdefinetely,1,19
23286,additionsubtraction,1,19
31093,idvideoblockrqtxoyj,1,19
41267,socialpsychological,1,19
40991,returningexchanging,1,19
41120,tacticalsurvivalist,1,19
20422,trainingplyometrics,1,19
20424,comimagesibinxquqcs,1,19
25405,craftsmanshipfinish,1,19
26827,connectionscomputer,1,19
22656,macleodsmackinnonsde,1,20
27717,sicariussicariusness,1,20
23475,idvideoblockrhxjpxvc,1,20
21165,industrialscientific,1,20
23647,learningfrommistakes,1,20
26357,semiautobiographical,1,20
41782,intermediateadvanced,1,20
32144,dockchargerstandcase,1,20
15723,performancepurchased,2,20
22013,sharpenerwhistlefire,1,20
32591,idvideoblockrsezsirm,1,20
23441,silverwareplatescups,1,20
21109,discriptioneditorial,1,20
37523,tarringandfeathering,1,20
24542,travelingsightseeing,1,20
34027,sauvignonmerlotsyrah,1,20
23676,compellingeverything,1,20
29216,peelershredderspiral,1,20
33030,comfortercomfortable,1,20
37848,comrosesleilameacham,1,20
34400,grandchildrenawesome,1,20
25799,idvideoblockrfmuibdn,1,20
34232,adventuremysteryplot,1,20
34007,beautifulcomfortable,1,20
35607,idvideoblockrwqvzwxd,1,20
38877,chargedischargefully,1,20
26375,absorbingcontrolling,1,20
34230,constructionmilitary,1,20
22864,scientifichistorical,1,20
21845,idvideoblockrfiuwvst,1,20
24914,boingboingboingboing,1,20
31172,differentlysometimes,1,20
25004,thoughtfulrespectful,1,20
20982,mkirklandemailmsncom,1,20
25268,idvideoblockrixiusdt,1,20
41247,idvideoblockrxxxqmpm,1,20
27939,idvideoblockreeuezyg,1,20
22323,informationdirection,1,20
35654,goodgrammargoodsense,1,20
39972,looooooonnnnnngggggg,1,20
23714,beginnerintermediate,1,20
23614,distractingconfusing,1,20
37651,heavyonthelovescenes,1,20
35075,readingtodistraction,1,20
22970,electricianelectrical,1,21
39273,idvideoblockrmacswpsq,1,21
21745,idvideoblockrnzwgtyha,1,21
29556,alcoholandtobaccofree,1,21
27094,uptoolatereadingbooks,1,21
29793,idvideoblockrkbmamjqa,1,21
24617,idvideoblockrsdkaxmnm,1,21
36584,pantyhosestockingsetc,1,21
29815,idvideoblockrnrmaerku,1,21
40137,dishonestypaytoreview,1,21
35040,shapeshiftingillusion,1,21
41613,instructionssolutions,1,21
36123,sequencesdisappointed,1,21
37773,shrimpclamscrabsalmon,1,21
22195,decorationstablecloth,1,21
36385,brilliantentertaining,1,21
26139,mccandlessfortunately,1,21
41028,copfirefightergeneric,1,21
36154,separatelyanbspsystem,1,21
37401,idvideoblockrloxwdavw,1,21
38859,creditgiftdebitreward,1,21
31720,businessmanufacturing,1,21
30284,streamorconsciousness,1,21
38887,wideopenandaccessible,1,21
31156,thoroughbuttothepoint,1,21
39399,speedagilityquickness,1,21
28097,idvideoblockrzxauftgr,1,21
33846,idvideoblockrfjiuruji,1,21
28363,idvideoblockrbkeulluu,1,21
22879,timetravelcomingofage,1,21
32830,postmodernistfeminist,1,21
22938,paininthebutttochange,1,21
34231,idvideoblockrqzgyimai,1,21
25183,infrastructureclimate,1,21
23540,idvideoblockruuxzoneu,1,21
40937,idvideoblockruegbuukw,1,21
41847,outfreakingstandingso,1,21
27350,idvideoblockrjwgytpwf,1,21
35365,religiousmythological,1,21
39201,traventravistallisetc,1,21
37147,idvideoblockrkbkezfnf,1,21
24671,idvideoblockrwokywfpo,1,21
34014,idvideoblockrccuofkft,1,21
24704,idvideoblockrxtgbwtmw,1,21
41290,establishingdeveloping,1,22
40274,idvideoblockrxzjhmrfil,1,22
40645,helperteachercaregiver,1,22
40306,idvideoblockrmestviwik,1,22
29407,frontwindowcompartment,1,22
40957,openmindeddeepthinking,1,22
26188,classvideoslateimgurli,1,22
25919,illustrationswonderful,1,22
22486,idvideoblockradszosken,1,22
32766,idvideoblockrndkbymnae,1,22
31355,idvideoblockrqjfkuwarf,1,22
39309,descriptionspictorials,1,22
26039,idvideoblockrahslqisna,1,22
25217,promisedrecommendwould,1,22
37999,commentsclarifications,1,22
28483,idvideoblockrduropuorz,1,22
33375,idvideoblockrhlbtvzqxs,1,22
20450,velcrozipperbuttonsetc,1,22
40059,keyboardtouchpadremote,1,22
39556,idvideoblockrggdndycgb,1,22
25238,eversoelegantlynuanced,1,22
27451,pleasedstraightforward,1,22
30100,idvideoblockrvbxfgjbdt,1,22
27555,professionalcommercial,1,22
41523,sensorsbatterydoorlens,1,22
31016,ivewrittenabooknowwhat,1,22
24877,idvideoblockrzglouwsrq,1,22
41038,idvideoblockrgqzansumf,1,22
36422,hightechspecialaffects,1,22
29980,rubbingmeltingslipping,1,22
34446,idvideoblockrrajrqqjmn,1,22
27162,comfortabledurableworm,1,22
27038,idvideoblockriihkwfvza,1,22
25836,idvideoblockroyspotouk,1,22
22405,idvideoblockrboevzdogp,1,22
34109,idvideoblockrgzuxhbchj,1,22
32820,actionviolencesuspense,1,22
40612,idvideoblockreijsrpifu,1,22
37068,quietstronghandsomeshy,1,22
36719,antiangloprotestantism,1,22
31500,physicianturnedsuicide,1,22
28118,pleeeaaasssssssseeeeee,1,22
29539,greatgreatgreatforever,1,22
36586,dungeonsanddragonstype,1,22
30680,circumferencelengthwise,1,23
23404,manufacturerdistributor,1,23
25982,amazingcharactericeberg,1,23
21335,historicallysignificant,1,23
39167,idvideoblockrcursbzanur,1,23
32665,failedbutthensuccessful,1,23
28914,idvideoblockrxfoomplkci,1,23
23015,idvideoblockromnsosorkp,1,23
22464,idvideoblockrqvwafkogfq,1,23
35231,idvideoblockraxbxtbeari,1,23
20098,idvideoblockrejxqurfiuh,1,23
35752,graphicscolorsdecalsetc,1,23
25245,idvideoblockreqpdhsdmnq,1,23
31816,idvideoblockrerzqwxpctg,1,23
36004,idvideoblockrdklbugwncw,1,23
35805,idvideoblockromigbrpahx,1,23
30298,parentgranddaughterthis,1,23
37590,idvideoblockruocmejjfjv,1,23
40419,performanceweightlumens,1,23
30408,idvideoblockrtwzkhqadkc,1,23
23326,machismoselfdestruction,1,23
35560,idvideoblockrvkorykscur,1,23
37991,sportsbeachknockaraound,1,23
21894,idvideoblockrvolzpxfqau,1,23
39140,vickiebrendamelaniejosh,1,23
41018,preschoolkindergartener,1,23
23543,idvideoblockrfsbgyprmri,1,23
26702,idvideoblockrhcbmmhmeio,1,23
39316,keptmeupreadingallnight,1,23
25605,idvideoblockrnjudhdrozk,1,23
28054,idvideoblockrstorbfxakm,1,23
38819,connectingdisconnecting,1,23
29572,outdoorcompressionlayer,1,23
35124,idvideoblockrmehzybglcv,1,23
37783,idvideoblockrptjxkmtspe,1,23
39360,idvideoblockrrhscpvhfaa,1,23
22282,idvideoblockrtacakjrexv,1,23
40897,pinkishbrownishbrownish,1,23
24928,rippingapartofcardboard,1,23
35794,officeentertainmentspare,1,24
33222,personalitymixturehybrid,1,24
22420,wildernesscoincidentally,1,24
39843,fantasythrilleradventure,1,24
25482,idvideoblockrrcjocucsopz,1,24
27299,selfawarenessmindfulness,1,24
33583,looooooooooooooooooooong,1,24
28952,idvideoblockrtjzzyohujin,1,24
26247,nowbarelyenglishspeaking,1,24
35776,weirdgloomygothicmachine,1,24
38883,thrilleradventuremilitary,1,25
26828,excitableappleofdaddyseye,1,25
39856,idvideoblockrcljdssdkwyna,1,25
962,datahookproductlinklinked,188,25
34212,idvideoblockrnpdfjzretjlx,1,25
35981,ignorethecollateraldamage,1,25
20862,idvideoblockrsgifcacnuwea,1,25
28060,classvideoslateimgurlnbspa,1,26
37867,shoessneakersbootsclothing,1,26
25213,notappropriatelywarmenough,1,26
7273,classvideoslateimgurlnbspi,8,26
37238,classvideoslateimgurlnbspwe,1,27
22255,theshortreviewerblogspotcom,1,27
28791,classvideoslateimgurlnbspmy,1,27
22332,germanaustrohungarianpolish,1,27
25972,readingchallengestoryofhtml,1,27
37696,awesomeexcitingraptouroussp,1,27
34882,moraljusticepridehonourseen,1,27
30080,classvideoslateimgurlnbspfor,1,28
40279,classvideoslateimgurlnbspyou,1,28
30579,obstacleobstacleobstacleboss,1,28
20229,____________________________,1,28
39266,classvideoslateimgurlnbspdont,1,29
28656,charlieandthechocolatefactory,1,29
23875,classvideoslateimgurlnbspwhen,1,29
29184,classvideoslateimgurlnbspfrom,1,29
40865,classvideoslateimgurlnbspwhat,1,29
4154,classvideoslateimgurlnbspthis,21,29
37112,classvideoslateimgurlnbsplemon,1,30
27394,classvideoslateimgurlnbspgreat,1,30
23684,classvideoslateimgurlnbspwatch,1,30
25075,classvideoslateimgurlnbspworks,1,30
33121,colussestheworldstowardsthediv,1,30
3960,classvideoslateimgurlnbspinput,23,30
19905,classvideoslateimgurlnbspthese,2,30
24226,aluminumfoilcoveredcardboardbox,1,31
20208,hubbywatchingwifeflirtinginabar,1,31
36287,geobobspinellidotblogspotdotcom,1,31
17438,mysterysuspensesuspensesuspense,2,31
35979,lossemptinessconfusionloneliness,1,32
38809,struggledenialmistrustcompelling,1,32
38431,classvideoslateimgurlnbspdiamond,1,32
33888,comreviewssapphirer_fury_trix_oc,1,32
28218,motivationalinspirationalselfhelp,1,33
37909,comreviewsapphirerfurynitroreview,1,33
36792,bashingyouovertheheadwithreligion,1,33
38452,comreviewsvideosapphire_rfurynitro,1,34
39529,___________________________________,1,35
35985,difficultystarterjuniorexpertmaster,1,35
25891,steamyiexclkiexclkiexclkiexclkiexclk,1,36
24233,classvideoslateimgurlnbspincorrectly,1,36
27363,laughoutlouduntiltearsrundownyourface,1,37
40712,classvideoslateimgslateimgurlnbspinput,1,38
39958,hrefvhsdprefcm_cr_arp_d_rvw_txtieutfvhsa,1,40
28705,comsapphirenitroocrfurygraphicscardreview,1,41
26495,hrefiamlegenddprefcm_cr_arp_d_rvw_txtieutfi,1,43
25593,naughtyraunchyhystericalsweetmostofalldirty,1,43
36557,hrefdvddpbaqsrefcm_cr_arp_d_rvw_txtieutfdvda,1,44
34921,oldfamilytiesthatbindjustmightendupkillingyou,1,45
41408,hrefdvddpbjftxorefcm_cr_arp_d_rvw_txtieutfdvda,1,46
24043,classvideoslateimgslateimgslateimgurlnbspinput,1,46
36482,nettechreviewsgraphicssapphireradeonrfurynitro,1,46
23883,hrefanniehalldprefcm_cr_arp_d_rvw_txtieutfannie,1,47
40626,hrefvhsdpbgfrefcm_cr_arp_d_rvw_txtieutfvhsanbspa,1,48
20999,hrefbgsgqdpbgsgqrefcm_cr_arp_d_rvw_txtieutfbgsgqa,1,49
33685,hrefrabidanoveldprefcm_cr_arp_d_rvw_txtieutfrabid,1,49
28449,hrefalongcameyoudprefcm_cr_arp_d_rvw_txtieutfalong,1,50
27196,hrefbluepilldpbgjbyrefcm_cr_arp_d_rvw_txtieutfblue,1,50
20837,hrefroughingitdprefcm_cr_arp_d_rvw_txtieutfroughing,1,51
25029,hrefwhatjesusmeantdpxrefcm_cr_arp_d_rvw_txtieutfwhat,1,52
39757,hrefdarfurnowdpbxhrgrefcm_cr_arp_d_rvw_txtieutfdarfur,1,53
22786,hrefgreeniesdpbgukrefcm_cr_arp_d_rvw_txtieutfgreeniesa,1,54
27793,hrefhideandeeekdpbdepqmrefcm_cr_arp_d_rvw_txtieutfhide,1,54
39581,hrefdoorknoblockdpbmeqarefcm_cr_arp_d_rvw_txtieutfdoor,1,54
36548,hrefthedreamofthedreamdprefcm_cr_arp_d_rvw_txtieutfthe,1,54
32534,hrefkeyelitebabygranddpbbljyrefcm_cr_arp_d_rvw_txtieutf,1,55
30409,comconsumeralertnopressurecanninginuntestedmulticookers,1,55
20905,hrefthebeginnersgoodbyedprefcm_cr_arp_d_rvw_txtieutfthe,1,55
39698,hrefmansfieldparkdprefcm_cr_arp_d_rvw_txtieutfmansfield,1,55
34236,comgpproductbzjjxrefcm_cr_ry_dp_ref_to_p_rvw_txtieutfpsc,1,56
20009,hrefwhatthegospelsmeantdprefcm_cr_arp_d_rvw_txtieutfwhat,1,56
41212,hrefcanoneosrebeltdpbjyurefcm_cr_arp_d_rvw_txtieutfcanon,1,56
37630,hreftheaccidentaltouristdprefcm_cr_arp_d_rvw_txtieutfthe,1,56
30979,hrefcinderellageekdprefcm_cr_arp_d_rvw_txtieutfcinderella,1,57
24291,hreftheoldversiondpbivfccmarefcm_cr_arp_d_rvw_txtieutfthe,1,57
33553,hrefameliadpbsloprefcm_cr_arp_d_rvw_txtieutfameliaanbspon,1,57
23258,hrefthedreamofthedreamofthedukedprefcm_cr_arp_d_rvw_txtie,1,57
41514,hrefspecialbrushdpbqdgaarefcm_cr_arp_d_rvw_txtieutfspecial,1,58
26554,hrefforksoverknivesdpbzhzirefcm_cr_arp_d_rvw_txtieutfforks,1,58
29157,hrefthewidowsrevengedpbgemcprefcm_cr_arp_d_rvw_txtieutfthe,1,58
37626,hrefdoorknoblockpackdpbbvgmrefcm_cr_arp_d_rvw_txtieutfdoor,1,58
34223,hrefbrigittamoondpbdxtdvrefcm_cr_arp_d_rvw_txtieutfbrigitta,1,59
21234,hrefgattacabluraydpbhevzwrefcm_cr_arp_d_rvw_txtieutfgattaca,1,59
20897,hrefcetoralhygienechewsdpbpprrefcm_cr_arp_d_rvw_txtieutfcet,1,59
27311,netcomponentsgraphiccardszardonsapphirenitrorfuryocgbreview,1,59
41178,hrefcombopackdpbaaqfetgrefcm_cr_arp_d_rvw_txtieutfcombopack,1,59
41274,hrefcarrymycoffeelivedpbnvyarefcm_cr_arp_d_rvw_txtieutfcarry,1,60
30890,hrefcanonpowershotgdpbefilhbrefcm_cr_arp_d_rvw_txtieutfcanon,1,60
33012,hrefelevenrecitationsdpbngarefcm_cr_arp_d_rvw_txtieutfeleven,1,60
27984,hrefmrsdoubtfirebluraydpbrntyigrefcm_cr_arp_d_rvw_txtieutfmrs,1,61
34544,hrefmegablokslilpinkbusdpbprtxrefcm_cr_arp_d_rvw_txtieutfmega,1,61
27867,hreflogansrunbluraydpbjafyfgrefcm_cr_arp_d_rvw_txtieutflogans,1,61
37423,hrefthetrumanshowbluraydpbgmhtmrefcm_cr_arp_d_rvw_txtieutfthe,1,61
28179,hrefthreedrawertacklesystemdpbqxgwrefcm_cr_arp_d_rvw_txtieutf,1,61
41313,hrefadvantageiicatdpbpblmrefcm_cr_arp_d_rvw_txtieutfadvantage,1,61
31331,hrefspiritfilledkindledpbhburefcm_cr_arp_d_rvw_txtieutfspirit,1,61
32941,hrefschistsongviafoliosdprefcm_cr_arp_d_rvw_txtieutfschistsong,1,62
23758,hrefautopetfeedermediumdpbzuqzurefcm_cr_arp_d_rvw_txtieutfauto,1,62
31131,hrefrotaryrollerchaincdpbgsnhkrefcm_cr_arp_d_rvw_txtieutfrotary,1,63
28635,hrefcallofdutymobofthedeaddpbjmwvrefcm_cr_arp_d_rvw_txtieutfcall,1,64
31950,hrefpurstagewaterpitcherfilterdpberefcm_cr_arp_d_rvw_txtieutfpur,1,64
30980,hrefimnotperfectanditsokaydpbegpizsrefcm_cr_arp_d_rvw_txtieutfim,1,64
26711,hrefthemythandtherealitydvdsetdpbvrfcrefcm_cr_arp_d_rvw_txtieutf,1,64
21293,hrefscotchbritedobiepadsdpbcjferefcm_cr_arp_d_rvw_txtieutfscotch,1,64
31491,hrefmegabloksassassinscreeddpbmytvrefcm_cr_arp_d_rvw_txtieutfmega,1,65
20156,hrefomegapawtrickytreatballdpbdkmrefcm_cr_arp_d_rvw_txtieutfomega,1,65
27422,hrefintelcoreiprocessorbxidpbvhkzirefcm_cr_arp_d_rvw_txtieutfintel,1,66
31687,hrefsonymdrlpheadphonesblackdpbxtwarefcm_cr_arp_d_rvw_txtieutfsony,1,66
23853,hrefradioflyerallterrainwagondpbytrefcm_cr_arp_d_rvw_txtieutfradio,1,66
20357,hrefsexwarsanovelofgildedagenewyorkdprefcm_cr_arp_d_rvw_txtieutfsex,1,67
39799,hrefcolemancampovenxxinchdpbpurjarefcm_cr_arp_d_rvw_txtieutfcoleman,1,67
34377,hrefjaynemansfieldcollectiondpbfkousrefcm_cr_arp_d_rvw_txtieutfjayne,1,68
35832,hreforlandopenguinmodernclassicsdprefcm_cr_arp_d_rvw_txtieutforlando,1,68
33312,hreftraintrackscompletesetdpbzebmtzyrefcm_cr_arp_d_rvw_txtieutftrain,1,68
23519,hreflegotoystoryconstructabuzzdpbrlvysrefcm_cr_arp_d_rvw_txtieutflego,1,69
34394,hrefthepianoitspurchaseandcaredpbaosfjyrefcm_cr_arp_d_rvw_txtieutfthe,1,69
36922,hreftarguspaunotebookchillpaddpbakayrefcm_cr_arp_d_rvw_txtieutftargus,1,69
29721,hrefthemagiclabyrinthboardgamedpbrdjymmrefcm_cr_arp_d_rvw_txtieutfthe,1,69
27066,hreftippmannaluminumhpatankdpbttgrqrefcm_cr_arp_d_rvw_txtieutftippmann,1,70
23679,hrefbelkinusbplushubportfubrndpbnaxcgrefcm_cr_arp_d_rvw_txtieutfbelkin,1,70
21093,hrefblumuniversalmountingbracketdpbktanrefcm_cr_arp_d_rvw_txtieutfblum,1,70
24296,hrefexplosiveevidenceexpertsspeakoutdpbhoerrefcm_cr_arp_d_rvw_txtieutf,1,70
41720,hrefkidcodoorknoblocksclearpackdpbcdiorefcm_cr_arp_d_rvw_txtieutfkidco,1,70
36330,hrefnordicwaremicrowaveeggcookerdpbmbnrefcm_cr_arp_d_rvw_txtieutfnordic,1,71
21959,hrefadidasmensastrailrunningshoedpbrscrefcm_cr_arp_d_rvw_txtieutfadidas,1,71
23542,hrefcalphalonsdormondcleanerdpbcfhrefcm_cr_arp_d_rvw_txtieutfcalphalons,1,71
23431,hrefppelectricityusagemonitordpbmdburefcm_cr_arp_d_rvw_txtieutfbppirgqi,1,71
25767,hrefkidcodoorknoblockcolorswhitedpbjwjfrefcm_cr_arp_d_rvw_txtieutfkidco,1,71
37517,hrefkregkdrillguidespacerblocksdpbkyfeherefcm_cr_arp_d_rvw_txtieutfkreg,1,71
29652,hrefappleipodfmtransmittercarkitdpbussskrefcm_cr_arp_d_rvw_txtieutfapple,1,72
33031,hrefrecomendedantennapoweradapterforankerpwmaudiotechnicassportemcmmcacc,1,72
34422,hrefclassicfilmnoirvolmoviepackdpbulkmrefcm_cr_arp_d_rvw_txtieutfclassic,1,72
38889,hrefiriveraftmobilefmtransmitterdpblyfwrefcm_cr_arp_d_rvw_txtieutfiriver,1,72
28532,hrefbarbiehersistersinaponytaledpbeaebcrefcm_cr_arp_d_rvw_txtieutfbarbie,1,72
37850,hrefsuncastdbextendeddeckboxseatdpbfjdgrefcm_cr_arp_d_rvw_txtieutfsuncast,1,73
36580,hrefunderstandingtrainofthoughtdprefcm_cr_arp_d_rvw_txtieutfunderstanding,1,73
39332,hrefvintagevacationspiecepuzzledpbrojpdrefcm_cr_arp_d_rvw_txtieutfvintage,1,73
40251,hrefbiolitewoodburningcampstovedpbbqhetorefcm_cr_arp_d_rvw_txtieutfbiolite,1,74
25918,hrefspeedoaquabeatwaterproofmpplayerdpbvrrefcm_cr_arp_d_rvw_txtieutfspeedo,1,74
37924,hrefstowawaywithadjustabledividersdpbetqrefcm_cr_arp_d_rvw_txtieutfstowaway,1,75
22115,hrefhenkelloctitegramsupergluegeldpbalbzgcrefcm_cr_arp_d_rvw_txtieutfhenkel,1,75
25794,hrefkhperfectclimatedeluxewattponddeicerdpbkcaurefcm_cr_arp_d_rvw_txtieutfkh,1,76
25036,hrefnestlearningthermostatrdgenerationdpbrgvkrefcm_cr_arp_d_rvw_txtieutfnest,1,76
29760,hrefoldfashionedlockingdiarydpbnyagmqrefcm_cr_arp_d_rvw_txtieutfoldfashioned,1,76
26285,hrefsecuregripcleardoorknobcoverspackdpbxbxerefcm_cr_arp_d_rvw_txtieutfsecure,1,77
25858,hrefamazonbasicsexternalcasedpbheeoqborefcm_cr_arp_d_rvw_txtieutfamazonbasics,1,77
26594,hrefsonymdrexvbluexearbudheadphonebluedpbeyujyrefcm_cr_arp_d_rvw_txtieutfsony,1,77
35180,hrefourkidsbuildingrelationshipsintheclassroomdprefcm_cr_arp_d_rvw_txtieutfour,1,78
32557,hrefamazonkindletouchleathercoverblackdpbsdpqrefcm_cr_arp_d_rvw_txtieutfamazon,1,78
34689,hrefankerausbwallchargerforiphonesipodsdpbsdcerefcm_cr_arp_d_rvw_txtieutfanker,1,78
40128,hrefnerfnstrikeelitedartrefillpackdartsdpbtxzvqrefcm_cr_arp_d_rvw_txtieutfnerf,1,78
35852,hrefdancobswivelaeratorandsprayerchromedpbdzhowrefcm_cr_arp_d_rvw_txtieutfdanco,1,79
32234,hreftheterminalthreedisccollectorseditiondpbjancirefcm_cr_arp_d_rvw_txtieutfthe,1,79
26952,hrefdisneyprincessprincesssnowwhitedolldpbbtdyrefcm_cr_arp_d_rvw_txtieutfdisney,1,79
27043,hrefgerberghoststrikefixedbladeknifedpbkccovvurefcm_cr_arp_d_rvw_txtieutfgerber,1,79
30648,hrefthelittlerascalsthecompletecollectiondpbcdfyurefcm_cr_arp_d_rvw_txtieutfthe,1,79
27539,hrefpowergendualportusbampacwallchargerdpbfefrefcm_cr_arp_d_rvw_txtieutfpowergen,1,80
29203,hrefbrevillegrxlindoorbarbequeandgrilldpbavcorefcm_cr_arp_d_rvw_txtieutfbreville,1,80
25922,hrefdigitalampacoutletallpurposeutimerdpbyhsxwrefcm_cr_arp_d_rvw_txtieutfdigital,1,80
26818,hrefrjcatlanethernetsplitterconnectoradapterpcdpbcqsrefcm_cr_arp_d_rvw_txtieutfrj,1,81
32752,hrefdrinkwellplatinumpremiumfilterspackdpbmmgrefcm_cr_arp_d_rvw_txtieutfdrinkwell,1,81
23247,hrefggiinternationalwtkmetalwatchrepairkitdpbkjsmokrefcm_cr_arp_d_rvw_txtieutfggi,1,81
40861,hrefairventuricobulkfilladapterfitsumarexebosdpbkjcwrefcm_cr_arp_d_rvw_txtieutfair,1,82
37135,hrefhdpbraidedbullysticksmonstrousselectpackofdpbemlorefcm_cr_arp_d_rvw_txtieutfhdp,1,83
26506,hrefosteraturbospeedprofessionalanimalclipperdpblrnarefcm_cr_arp_d_rvw_txtieutfoster,1,84
38946,hrefkeurigbgourmetsinglecuphomebrewingsystemdpbgtrfrefcm_cr_arp_d_rvw_txtieutfkeurig,1,84
20986,hrefcanyoncrossroadhighgripseatshighropebarreldpbamrefcm_cr_arp_d_rvw_txtieutfcanyon,1,84
28528,hrefbarbieandhersistersinaponytalervvehicledpbcpvqqrefcm_cr_arp_d_rvw_txtieutfbarbie,1,84
21251,hrefnespressodusorneespressomakerpureorangedpbuzjrefcm_cr_arp_d_rvw_txtieutfnespresso,1,85
28461,hrefcalphaloneverydaynonstickinchomeletpandpbehplarefcm_cr_arp_d_rvw_txtieutfcalphalon,1,86
21146,hrefsigsauermpxcalcopoweredgrairrifleroundsblackdpbxlfwyurefcm_cr_arp_d_rvw_txtieutfsig,1,87
23899,hrefkcstorefixturesaslatwallshelfbracketblackpackofdpbkauirefcm_cr_arp_d_rvw_txtieutfkc,1,87
22681,hrefbluebuffalominibluebonesnaturaldogdentalchewsdpbbzqbkrefcm_cr_arp_d_rvw_txtieutfblue,1,88
41306,hrefosterbrlysfusionblenderandfoodprocessorsilverdpbpdmcrefcm_cr_arp_d_rvw_txtieutfoster,1,88
23100,hrefhousedoublefeaturehousehouseiithesecondstorydpbktfjorefcm_cr_arp_d_rvw_txtieutfhouse,1,88
25308,hrefgeneraltoolsmmdemoisturemeterpintypedigitallcddpbforefcm_cr_arp_d_rvw_txtieutfgeneral,1,89
37903,hrefwahlprofessionalanimalstainlesssteelguidecombsdpbrbwlgrefcm_cr_arp_d_rvw_txtieutfwahl,1,89
27130,hrefandisproanimaldetachableceramicbladeclipperkitdpbxhzarefcm_cr_arp_d_rvw_txtieutfandis,1,89
35074,hrefmarinesairsoftsrspringpoweredriflebycrosmandpbhgazuwrefcm_cr_arp_d_rvw_txtieutfmarines,1,90
29103,hrefaseasonfortendingbookoneintheamishvinesandorchardsseriesdprefcm_cr_arp_d_rvw_txtieutfa,1,90
31616,hrefphilsfavoritelovesofamoviegoinglifetimeeditiondpbhuvkkrefcm_cr_arp_d_rvw_txtieutfphils,1,90
31670,hreftevamensanisoeventwaterproofbreathabletrailshoedpbcpgogrefcm_cr_arp_d_rvw_txtieutfteva,1,90
41392,hrefthehistoryandsociologyofgenocideanalysesandcasestudiesdprefcm_cr_arp_d_rvw_txtieutfthe,1,90
32745,hrefgriffinpjblkpowerjoltautochargerforipodblackdpbfiqcerefcm_cr_arp_d_rvw_txtieutfgriffin,1,90
39105,hrefhasbroplayskoolletsplaytogetherfillnspillfishdpbfknqherefcm_cr_arp_d_rvw_txtieutfhasbro,1,91
33557,hrefgreentechhowtoplanandimplementsustainableitsolutionsdpxrefcm_cr_arp_d_rvw_txtieutfgreen,1,91
40357,hrefnboneoralhyginetwistixtwestedstickdogtreatssmallozdpbwflonarefcm_cr_arp_d_rvw_txtieutfn,1,91
33899,hreforblueflatwarepieserverstainlesssteelcakecutterdpbjmkpcrefcm_cr_arp_d_rvw_txtieutforblue,1,92
31880,hrefsoftairforeignlegionsfamasspringpoweredairsoftrifledpbknrrefcm_cr_arp_d_rvw_txtieutfsoft,1,92
24627,hrefjobyjbgriptightgorillapodstandforlargephonestripoddpbmcevsrefcm_cr_arp_d_rvw_txtieutfjoby,1,93
29814,hrefallsopcoolchannelnotebookplatformwxdxhcharcoalgraydpbesdrefcm_cr_arp_d_rvw_txtieutfallsop,1,93
24399,hrefinfinityinstrumentslejardinredpoppyinchwallclockdpbedxarefcm_cr_arp_d_rvw_txtieutfinfinity,1,94
28120,hrefitpaeosmodeslumencreeqledminikeychainflashlightbluedpbbpwmeirefcm_cr_arp_d_rvw_txtieutfitp,1,94
29898,hrefpowergenacombocarandwallchargerforiphonesipodsdpbaaqfetgrefcm_cr_arp_d_rvw_txtieutfpowergen,1,95
21308,hrefzukeszridgeminifreshbreathdentalchewbonescountpouchdpbmwrtyrefcm_cr_arp_d_rvw_txtieutfzukes,1,95
33342,hrefnewpaintballquickchangegramgcoadapterblackfreeshippingdpbgwkfprefcm_cr_arp_d_rvw_txtieutfnew,1,96
27478,hrefiainsinclaircardsharpblackcreditcardsizedfoldingknifedpbucqkarefcm_cr_arp_d_rvw_txtieutfiain,1,96
29886,hrefbelkinfootusbtypecusbctousbtypeccableusbccertifieddpbwjspcsgrefcm_cr_arp_d_rvw_txtieutfbelkin,1,97
29768,hrefbissellstylestylehepamediafiltercomparetobissellpartdpbcfhirefcm_cr_arp_d_rvw_txtieutfbissell,1,97
20777,comarticlecomponentsgraphicssapphirenitrorfurygraphicscardreviewfastfuriousandridiculouslyquiethtml,1,99
9783,hrefgoodbuddyusarawhidebraidedsticksfordogstoinchcountpackofdpbgwvwjarefcm_cr_arp_d_rvw_txtieutfgood,5,100
34494,hrefdelcastpieceprecisionscrewdriversetforlaptopselectronicsdpbkzdrefcm_cr_arp_d_rvw_txtieutfdelcast,1,100
36830,hrefsennheiserpxcnoisegardactivenoisecancelingheadphonesdpbrpcmrefcm_cr_arp_d_rvw_txtieutfsennheiser,1,100
28231,hrefleapfroglearningfriendsplayanddiscoverschoolplaysetdpbjlhvwuurefcm_cr_arp_d_rvw_txtieutfleapfrog,1,100
26250,hrefwdozinprolubricantsiliconesprayaerosolcanshipgroundonlyormddpbbbycucrefcm_cr_arp_d_rvw_txtieutfwd,1,101
22053,hrefamazonbasicsusbtypectomicrobgencablefeetmeterswhitedpbggkyjgrefcm_cr_arp_d_rvw_txtieutfamazonbasics,1,103
40936,hrefseismicaudiosaplatedualxlrfemalestainlesssteelwallplatesdpbfwetyerefcm_cr_arp_d_rvw_txtieutfseismic,1,103
24796,hrefgetnakedlowcaloriedentalchewsticksfordogssmallouncestickspackdpbaylnurefcm_cr_arp_d_rvw_txtieutfget,1,103
31498,hrefwoosterbrushbrpainterschoicerollercoverwithinchnappackinchdpbelormwrefcm_cr_arp_d_rvw_txtieutfwooster,1,105
22595,hrefgsightmmlugertraininglasercartridgegenwlasertrainingproappbrassdpbzzbmrefcm_cr_arp_d_rvw_txtieutfgsight,1,107
37600,hreftrxsuspensiontrainingpropackbasicthetrxdooranchorissoldseparatelydpbyiasmrefcm_cr_arp_d_rvw_txtieutftrx,1,107
21631,hrefandiseasyclipproanimalpiecedetachablebladeclipperkitpetgroomingmbgdpbutforefcm_cr_arp_d_rvw_txtieutfandis,1,109
23662,hrefmoensrsarboronehandlehigharcpulldownkitchenfaucetspotresiststainlessdpbaqmcrefcm_cr_arp_d_rvw_txtieutfmoen,1,110
33983,hreflisforlionanitalianbronxbutchfreedommemoirsunyseriesinitalianamericanculturedprefcm_cr_arp_d_rvw_txtieutfl,1,110
38794,hrefosterprofessionaluniversalcombsetspeciallydesignedtofitosterclippersdpbthhbrefcm_cr_arp_d_rvw_txtieutfoster,1,111
40853,hrefinvictamenssubaquanomaivcollectionchronographblackpolyurethanewatchdpbpjjsrefcm_cr_arp_d_rvw_txtieutfinvicta,1,112
30773,hrefseismicaudiosaplatesinglexlrfemaleconnectorstainlesssteelwallplatesdpbfwewlorefcm_cr_arp_d_rvw_txtieutfseismic,1,114
26644,hrefunitutdpocketsizedigitalmultimeterwithsquarewavegeneratorhzsinometeroemdpbtlxnporefcm_cr_arp_d_rvw_txtieutfunit,1,115
36987,hrefbabygeniuscolorsandshapessoftactivitybookwithsoundforinfantsbymanhattantoydpbwpwiurefcm_cr_arp_d_rvw_txtieutfbaby,1,117
24388,hrefrichdadpoordadwhattherichteachtheirkidsaboutmoneythatthepoorandthemiddleclassdonotdpxrefcm_cr_arp_d_rvw_txtieutfrich,1,120
33995,hrefpfisterlfprccparisasinglecontrolcentersetbathroomfaucetinpolishedchromegpmdpbhllswrefcm_cr_arp_d_rvw_txtieutfpfister,1,120
25796,hrefpreventandreverseheartdiseasetherevolutionaryscientificallyprovennutritionbasedcuredprefcm_cr_arp_d_rvw_txtieutfprevent,1,123
31685,hrefgigabytelgaintelbhdmisatagbsusbmicroatxintelmicroatxddrmotherboardsgabmdshadpbvxggwqrefcm_cr_arp_d_rvw_txtieutfgigabyte,1,123
30216,hreffirstalertcodualpowercarbonmonoxidepluginalarmwithbatterybackupanddigitaldisplaydpbqvmkgrefcm_cr_arp_d_rvw_txtieutffirst,1,124
41556,hrefveryfinemeshstrainersbyzenprosetofstainlesssteelstrainpastanoodlesquinoateasiftsieveflourdpbrchcarefcm_cr_arp_d_rvw_txtieutfvery,1,132
20658,hreftheleanstartuphowtodaysentrepreneursusecontinuousinnovationtocreateradicallysuccessfulbusinessesdprefcm_cr_arp_d_rvw_txtieutfthe,1,132
27020,hreftheplantbasedjourneyastepbystepguidefortransitioningtoahealthylifestyleandachievingyouridealweightdprefcm_cr_arp_d_rvw_txtieutfthe,1,134
35313,hrefhighpressurehandpumpstagestirrupcharginggasfiltergaugevalvehosepcppumpuptopsisiliconeoilnotincludeddpbmzozarefcm_cr_arp_d_rvw_txtieutfhigh,1,142
36302,hrefkroocameracasepremiumqualitycarryingcaseforsonycybershotbonusbundledwithuniversallcdscreenprotectorkitclothdpbrbudpyrefcm_cr_arp_d_rvw_txtieutfkroo,1,151
26049,hrefthechinastudythemostcomprehensivestudyofnutritioneverconductedandthestartlingimplicationsfordietweightlossandlongtermhealthdprefcm_cr_arp_d_rvw_txtieutfthe,1,159
38822,hrefipadcasekidspripadcasenewhotsuperprotectshockproofrainproofsandproofwithbuiltinscreenprotectorforappleipadblackreddpbyotpmbkrefcm_cr_arp_d_rvw_txtieutfipad,1,159
34738,hrefvictsingmmgwirelessportablemobilemouseopticalmicewithusbreceiveradjustabledpilevelsbuttonsfornotebookpclaptopcomputermacbookblackdpbwcparefcm_cr_arp_d_rvw_txtieutfvictsing,1,175
35300,hrefpeakeepdigitalalarmclockbatteryoperatedwithlargedisplaydualalarmsnoozetravelalarmclockandhomealarmclockoptionalweekdayalarmandsmartnightlightwhitedpblzzrefcm_cr_arp_d_rvw_txtieutfpeakeep,1,190
27595,hrefcurtainrodbracketssilversetofbracketsalsoknownascurtainrodholderbracketfordraperyrodwindowdraperyrodbracketsetfordraperiesadjustablecurtainrodbracketsdpbdtgglrefcm_cr_arp_d_rvw_txtieutfcurtain,1,196
40027,hrefbinsampthingsstackablestoragecontainerperfectforshopkinslittlestpetshoprainbowloombeadsdisneytsumtsumfiguresandartsampcraftsaccessorieswithadjustablecompartmentsdpbdxpirefcm_cr_arp_d_rvw_txtieutfbins,1,203
20511,directorwriterdirectorscreenwriterwriterscreenwriterscreenwriterscreenwriterscreenwriterscreenwriterscreenwriterscreenwriterscreenwriterscreenwriterscreenwriterscreenwriterscreenwriterscreenwriterscreenwriterscreenwriterscreenwriterscreenwriterscreenwriterscreenwriterscreenwriterscreenwriterscreenwriterscreenwriterscreenwriterscreenwriterscreenwriterscreenwriterscreenwriterscreenwriterscreenwriterscreenwriterscreenwriterscreenwriterscreenwriterscreenwriterscreenwriterscreenwriterscreenwriterscreenwriterscreenwriterscreenwriterscreenwriterscreenwriterscreenwriterscreenwriterscreenwriterscreenwriterscreenwriterscreenwriterscreenwriterscreenwriterscreenwriterscreenwriterscreenwriterscreenwriterscreenwriterscreenwriterscreenwriterscreenwriter,1,748
